,Name,Roll Number,Email Id,CGPA,Active backlogs,Stream,Job Id,Company,Salary,Venue,Drive Date,Eligibilty,Job Title,Quality,No of Rounds,Backlogs,Test Time,Cutoff Score
0,Abhay,2342,chauhanabhay217@gmail.com,9,0,CSE,J1,Google,232313,Collage,23/12/2020,8,SDE,2,2,1,10:00 A.M.,60
1,Kapil Bhargava,MT20088,bhargavakapil24@gmail.com,9,0,CSE,J1,Google,232313,Collage,23/12/2020,8,SDE,2,2,1,10:00 A.M.,60
2,Akhand,MT20029,akhand20029@iiit.ac.in,9,0,CSE(DE),J1,Google,232313,Collage,23/12/2020,8,SDE,2,2,1,10:00 A.M.,60
3,Amulya Agrawal,MT20004,amulyaagrawal18@gmail.com,9,0,CSE(AI),J1,Google,232313,Collage,23/12/2020,8,SDE,2,2,1,10:00 A.M.,60
